bank,effective_date,product,term,amount_band,customer_type,rate_pct,source_pdf
kbank,2026-05-09,current,,all,individual,0.000,raw/kbank/2026-05-09-th.pdf
kbank,2026-05-09,current,,all,juristic_1,0.000,raw/kbank/2026-05-09-th.pdf
kbank,2026-05-09,current,,all,juristic_2,0.000,raw/kbank/2026-05-09-th.pdf
kbank,2026-05-09,current,,all,hospital_school_gov,0.000,raw/kbank/2026-05-09-th.pdf
kbank,2026-05-09,current,,all,financial_institution,0.000,raw/kbank/2026-05-09-th.pdf
kbank,2026-05-09,current,,all,fund,0.000,raw/kbank/2026-05-09-th.pdf
kbank,2026-05-09,current,,all,special_juristic_1,0.000,raw/kbank/2026-05-09-th.pdf
kbank,2026-05-09,current,,all,special_juristic_2,0.000,raw/kbank/2026-05-09-th.pdf
kbank,2026-05-09,k-ecurrent,,all,individual,0.000,raw/kbank/2026-05-09-th.pdf
kbank,2026-05-09,savings,,<1M,individual,0.250,raw/kbank/2026-05-09-th.pdf
kbank,2026-05-09,savings,,<1M,juristic_1,0.200,raw/kbank/2026-05-09-th.pdf
kbank,2026-05-09,savings,,<1M,juristic_2,0.250,raw/kbank/2026-05-09-th.pdf
kbank,2026-05-09,savings,,<1M,hospital_school_gov,0.200,raw/kbank/2026-05-09-th.pdf
kbank,2026-05-09,savings,,<1M,financial_institution,0.200,raw/kbank/2026-05-09-th.pdf
kbank,2026-05-09,savings,,<1M,fund,0.200,raw/kbank/2026-05-09-th.pdf
kbank,2026-05-09,savings,,<1M,special_juristic_1,0.200,raw/kbank/2026-05-09-th.pdf
kbank,2026-05-09,savings,,<1M,special_juristic_2,0.200,raw/kbank/2026-05-09-th.pdf
kbank,2026-05-09,savings,,1M-<50M,individual,0.250,raw/kbank/2026-05-09-th.pdf
kbank,2026-05-09,savings,,1M-<50M,juristic_1,0.200,raw/kbank/2026-05-09-th.pdf
kbank,2026-05-09,savings,,1M-<50M,juristic_2,0.250,raw/kbank/2026-05-09-th.pdf
kbank,2026-05-09,savings,,1M-<50M,hospital_school_gov,0.200,raw/kbank/2026-05-09-th.pdf
kbank,2026-05-09,savings,,1M-<50M,financial_institution,0.200,raw/kbank/2026-05-09-th.pdf
kbank,2026-05-09,savings,,1M-<50M,fund,0.200,raw/kbank/2026-05-09-th.pdf
kbank,2026-05-09,savings,,1M-<50M,special_juristic_1,0.200,raw/kbank/2026-05-09-th.pdf
kbank,2026-05-09,savings,,1M-<50M,special_juristic_2,0.200,raw/kbank/2026-05-09-th.pdf
kbank,2026-05-09,savings,,50M-<100M,individual,0.250,raw/kbank/2026-05-09-th.pdf
kbank,2026-05-09,savings,,50M-<100M,juristic_1,0.200,raw/kbank/2026-05-09-th.pdf
kbank,2026-05-09,savings,,50M-<100M,juristic_2,0.250,raw/kbank/2026-05-09-th.pdf
kbank,2026-05-09,savings,,50M-<100M,hospital_school_gov,0.200,raw/kbank/2026-05-09-th.pdf
kbank,2026-05-09,savings,,50M-<100M,financial_institution,0.200,raw/kbank/2026-05-09-th.pdf
kbank,2026-05-09,savings,,50M-<100M,fund,0.200,raw/kbank/2026-05-09-th.pdf
kbank,2026-05-09,savings,,50M-<100M,special_juristic_1,0.200,raw/kbank/2026-05-09-th.pdf
kbank,2026-05-09,savings,,50M-<100M,special_juristic_2,0.200,raw/kbank/2026-05-09-th.pdf
kbank,2026-05-09,savings,,>=100M,individual,0.250,raw/kbank/2026-05-09-th.pdf
kbank,2026-05-09,savings,,>=100M,juristic_1,0.200,raw/kbank/2026-05-09-th.pdf
kbank,2026-05-09,savings,,>=100M,juristic_2,0.250,raw/kbank/2026-05-09-th.pdf
kbank,2026-05-09,savings,,>=100M,hospital_school_gov,0.200,raw/kbank/2026-05-09-th.pdf
kbank,2026-05-09,savings,,>=100M,financial_institution,0.200,raw/kbank/2026-05-09-th.pdf
kbank,2026-05-09,savings,,>=100M,fund,0.200,raw/kbank/2026-05-09-th.pdf
kbank,2026-05-09,savings,,>=100M,special_juristic_1,0.200,raw/kbank/2026-05-09-th.pdf
kbank,2026-05-09,savings,,>=100M,special_juristic_2,0.200,raw/kbank/2026-05-09-th.pdf
kbank,2026-05-09,savings-collateral-ref,,all,individual,0.250,raw/kbank/2026-05-09-th.pdf
kbank,2026-05-09,savings-collateral-ref,,all,juristic_1,0.200,raw/kbank/2026-05-09-th.pdf
kbank,2026-05-09,savings-collateral-ref,,all,juristic_2,0.250,raw/kbank/2026-05-09-th.pdf
kbank,2026-05-09,savings-collateral-ref,,all,hospital_school_gov,0.200,raw/kbank/2026-05-09-th.pdf
kbank,2026-05-09,savings-collateral-ref,,all,financial_institution,0.200,raw/kbank/2026-05-09-th.pdf
kbank,2026-05-09,savings-collateral-ref,,all,fund,0.200,raw/kbank/2026-05-09-th.pdf
kbank,2026-05-09,k-esavings,,<=500k,individual,1.250,raw/kbank/2026-05-09-th.pdf
kbank,2026-05-09,k-esavings,,>500k,individual,0.350,raw/kbank/2026-05-09-th.pdf
kbank,2026-05-09,k-esavings-make,,<=500k,individual,1.250,raw/kbank/2026-05-09-th.pdf
kbank,2026-05-09,k-esavings-make,,>500k,individual,0.350,raw/kbank/2026-05-09-th.pdf
kbank,2026-05-09,k-epocket,,<=500k,individual,1.250,raw/kbank/2026-05-09-th.pdf
kbank,2026-05-09,k-epocket,,>500k,individual,0.350,raw/kbank/2026-05-09-th.pdf
kbank,2026-05-09,line-bk,,all,individual,0.250,raw/kbank/2026-05-09-th.pdf
kbank,2026-05-09,line-bk-special-savings,6M,<=500k,individual,1.000,raw/kbank/2026-05-09-th.pdf
kbank,2026-05-09,line-bk-special-savings,12M,<=500k,individual,1.500,raw/kbank/2026-05-09-th.pdf
kbank,2026-05-09,basic-banking,,all,individual,0.250,raw/kbank/2026-05-09-th.pdf
kbank,2026-05-09,savings-special-juristic,>=7D,50M-<100M,special_juristic_1,0.250,raw/kbank/2026-05-09-th.pdf
kbank,2026-05-09,savings-special-juristic,>=7D,100M-<500M,special_juristic_1,0.250,raw/kbank/2026-05-09-th.pdf
kbank,2026-05-09,savings-special-juristic,>=7D,>=500M,special_juristic_1,0.250,raw/kbank/2026-05-09-th.pdf
kbank,2026-05-09,savings-special-juristic,>=14D,50M-<100M,special_juristic_1,0.250,raw/kbank/2026-05-09-th.pdf
kbank,2026-05-09,savings-special-juristic,>=14D,100M-<500M,special_juristic_1,0.250,raw/kbank/2026-05-09-th.pdf
kbank,2026-05-09,savings-special-juristic,>=14D,>=500M,special_juristic_1,0.250,raw/kbank/2026-05-09-th.pdf
kbank,2026-05-09,savings-special-juristic,>=30D,50M-<100M,special_juristic_1,0.300,raw/kbank/2026-05-09-th.pdf
kbank,2026-05-09,savings-special-juristic,>=30D,100M-<500M,special_juristic_1,0.350,raw/kbank/2026-05-09-th.pdf
kbank,2026-05-09,savings-special-juristic,>=30D,>=500M,special_juristic_1,0.450,raw/kbank/2026-05-09-th.pdf
kbank,2026-05-09,savings-special-1,,all,special_juristic_1,0.200,raw/kbank/2026-05-09-th.pdf
kbank,2026-05-09,savings-special-2,,all,special_juristic_1,0.300,raw/kbank/2026-05-09-th.pdf
kbank,2026-05-09,savings-special-3,,all,special_juristic_1,0.400,raw/kbank/2026-05-09-th.pdf
kbank,2026-05-09,savings-special-4,,all,special_juristic_1,0.250,raw/kbank/2026-05-09-th.pdf
kbank,2026-05-09,savings-special-5,,all,special_juristic_1,0.500,raw/kbank/2026-05-09-th.pdf
kbank,2026-05-09,savings-special-6,,all,special_juristic_1,0.650,raw/kbank/2026-05-09-th.pdf
kbank,2026-05-09,k-green-savings,,all,special_juristic_1,0.200,raw/kbank/2026-05-09-th.pdf
kbank,2026-05-09,fixed-dated-special-juristic,7-14D,10M-<50M,special_juristic_1,0.300,raw/kbank/2026-05-09-th.pdf
kbank,2026-05-09,fixed-dated-special-juristic,7-14D,50M-<100M,special_juristic_1,0.300,raw/kbank/2026-05-09-th.pdf
kbank,2026-05-09,fixed-dated-special-juristic,7-14D,>=100M,special_juristic_1,0.300,raw/kbank/2026-05-09-th.pdf
kbank,2026-05-09,fixed-dated-special-juristic,15-30D,10M-<50M,special_juristic_1,0.300,raw/kbank/2026-05-09-th.pdf
kbank,2026-05-09,fixed-dated-special-juristic,15-30D,50M-<100M,special_juristic_1,0.300,raw/kbank/2026-05-09-th.pdf
kbank,2026-05-09,fixed-dated-special-juristic,15-30D,>=100M,special_juristic_1,0.300,raw/kbank/2026-05-09-th.pdf
kbank,2026-05-09,fixed-dated-special-juristic,31-60D,10M-<50M,special_juristic_1,0.300,raw/kbank/2026-05-09-th.pdf
kbank,2026-05-09,fixed-dated-special-juristic,31-60D,50M-<100M,special_juristic_1,0.300,raw/kbank/2026-05-09-th.pdf
kbank,2026-05-09,fixed-dated-special-juristic,31-60D,>=100M,special_juristic_1,0.300,raw/kbank/2026-05-09-th.pdf
kbank,2026-05-09,fixed-dated-special-juristic,61-90D,10M-<50M,special_juristic_1,0.300,raw/kbank/2026-05-09-th.pdf
kbank,2026-05-09,fixed-dated-special-juristic,61-90D,50M-<100M,special_juristic_1,0.300,raw/kbank/2026-05-09-th.pdf
kbank,2026-05-09,fixed-dated-special-juristic,61-90D,>=100M,special_juristic_1,0.300,raw/kbank/2026-05-09-th.pdf
kbank,2026-05-09,fixed-dated-special-juristic,91-120D,10M-<50M,special_juristic_1,0.300,raw/kbank/2026-05-09-th.pdf
kbank,2026-05-09,fixed-dated-special-juristic,91-120D,50M-<100M,special_juristic_1,0.300,raw/kbank/2026-05-09-th.pdf
kbank,2026-05-09,fixed-dated-special-juristic,91-120D,>=100M,special_juristic_1,0.350,raw/kbank/2026-05-09-th.pdf
kbank,2026-05-09,fixed-dated-special-juristic,121-182D,10M-<50M,special_juristic_1,0.300,raw/kbank/2026-05-09-th.pdf
kbank,2026-05-09,fixed-dated-special-juristic,121-182D,50M-<100M,special_juristic_1,0.300,raw/kbank/2026-05-09-th.pdf
kbank,2026-05-09,fixed-dated-special-juristic,121-182D,>=100M,special_juristic_1,0.350,raw/kbank/2026-05-09-th.pdf
kbank,2026-05-09,fixed,3M,<10M,individual,0.550,raw/kbank/2026-05-09-th.pdf
kbank,2026-05-09,fixed,3M,<10M,juristic_1,0.300,raw/kbank/2026-05-09-th.pdf
kbank,2026-05-09,fixed,3M,<10M,juristic_2,0.550,raw/kbank/2026-05-09-th.pdf
kbank,2026-05-09,fixed,3M,<10M,hospital_school_gov,0.300,raw/kbank/2026-05-09-th.pdf
kbank,2026-05-09,fixed,3M,<10M,financial_institution,0.300,raw/kbank/2026-05-09-th.pdf
kbank,2026-05-09,fixed,3M,<10M,fund,0.300,raw/kbank/2026-05-09-th.pdf
kbank,2026-05-09,fixed,3M,<10M,special_juristic_1,0.350,raw/kbank/2026-05-09-th.pdf
kbank,2026-05-09,fixed,3M,<10M,special_juristic_2,0.350,raw/kbank/2026-05-09-th.pdf
kbank,2026-05-09,fixed,3M,10M-<30M,individual,0.600,raw/kbank/2026-05-09-th.pdf
kbank,2026-05-09,fixed,3M,10M-<30M,juristic_1,0.300,raw/kbank/2026-05-09-th.pdf
kbank,2026-05-09,fixed,3M,10M-<30M,juristic_2,0.600,raw/kbank/2026-05-09-th.pdf
kbank,2026-05-09,fixed,3M,10M-<30M,hospital_school_gov,0.300,raw/kbank/2026-05-09-th.pdf
kbank,2026-05-09,fixed,3M,10M-<30M,financial_institution,0.300,raw/kbank/2026-05-09-th.pdf
kbank,2026-05-09,fixed,3M,10M-<30M,fund,0.300,raw/kbank/2026-05-09-th.pdf
kbank,2026-05-09,fixed,3M,10M-<30M,special_juristic_1,0.350,raw/kbank/2026-05-09-th.pdf
kbank,2026-05-09,fixed,3M,10M-<30M,special_juristic_2,0.350,raw/kbank/2026-05-09-th.pdf
kbank,2026-05-09,fixed,3M,30M-<50M,individual,0.600,raw/kbank/2026-05-09-th.pdf
kbank,2026-05-09,fixed,3M,30M-<50M,juristic_1,0.300,raw/kbank/2026-05-09-th.pdf
kbank,2026-05-09,fixed,3M,30M-<50M,juristic_2,0.600,raw/kbank/2026-05-09-th.pdf
kbank,2026-05-09,fixed,3M,30M-<50M,hospital_school_gov,0.300,raw/kbank/2026-05-09-th.pdf
kbank,2026-05-09,fixed,3M,30M-<50M,financial_institution,0.300,raw/kbank/2026-05-09-th.pdf
kbank,2026-05-09,fixed,3M,30M-<50M,fund,0.300,raw/kbank/2026-05-09-th.pdf
kbank,2026-05-09,fixed,3M,30M-<50M,special_juristic_1,0.350,raw/kbank/2026-05-09-th.pdf
kbank,2026-05-09,fixed,3M,30M-<50M,special_juristic_2,0.350,raw/kbank/2026-05-09-th.pdf
kbank,2026-05-09,fixed,3M,50M-<500M,individual,0.600,raw/kbank/2026-05-09-th.pdf
kbank,2026-05-09,fixed,3M,50M-<500M,juristic_1,0.300,raw/kbank/2026-05-09-th.pdf
kbank,2026-05-09,fixed,3M,50M-<500M,juristic_2,0.600,raw/kbank/2026-05-09-th.pdf
kbank,2026-05-09,fixed,3M,50M-<500M,hospital_school_gov,0.300,raw/kbank/2026-05-09-th.pdf
kbank,2026-05-09,fixed,3M,50M-<500M,financial_institution,0.300,raw/kbank/2026-05-09-th.pdf
kbank,2026-05-09,fixed,3M,50M-<500M,fund,0.300,raw/kbank/2026-05-09-th.pdf
kbank,2026-05-09,fixed,3M,50M-<500M,special_juristic_1,0.350,raw/kbank/2026-05-09-th.pdf
kbank,2026-05-09,fixed,3M,50M-<500M,special_juristic_2,0.350,raw/kbank/2026-05-09-th.pdf
kbank,2026-05-09,fixed,3M,>=500M,individual,0.600,raw/kbank/2026-05-09-th.pdf
kbank,2026-05-09,fixed,3M,>=500M,juristic_1,0.300,raw/kbank/2026-05-09-th.pdf
kbank,2026-05-09,fixed,3M,>=500M,juristic_2,0.600,raw/kbank/2026-05-09-th.pdf
kbank,2026-05-09,fixed,3M,>=500M,hospital_school_gov,0.300,raw/kbank/2026-05-09-th.pdf
kbank,2026-05-09,fixed,3M,>=500M,financial_institution,0.300,raw/kbank/2026-05-09-th.pdf
kbank,2026-05-09,fixed,3M,>=500M,fund,0.300,raw/kbank/2026-05-09-th.pdf
kbank,2026-05-09,fixed,3M,>=500M,special_juristic_1,0.350,raw/kbank/2026-05-09-th.pdf
kbank,2026-05-09,fixed,3M,>=500M,special_juristic_2,0.350,raw/kbank/2026-05-09-th.pdf
kbank,2026-05-09,fixed,6M,<10M,individual,0.600,raw/kbank/2026-05-09-th.pdf
kbank,2026-05-09,fixed,6M,<10M,juristic_1,0.350,raw/kbank/2026-05-09-th.pdf
kbank,2026-05-09,fixed,6M,<10M,juristic_2,0.600,raw/kbank/2026-05-09-th.pdf
kbank,2026-05-09,fixed,6M,<10M,hospital_school_gov,0.350,raw/kbank/2026-05-09-th.pdf
kbank,2026-05-09,fixed,6M,<10M,financial_institution,0.350,raw/kbank/2026-05-09-th.pdf
kbank,2026-05-09,fixed,6M,<10M,fund,0.350,raw/kbank/2026-05-09-th.pdf
kbank,2026-05-09,fixed,6M,<10M,special_juristic_1,0.400,raw/kbank/2026-05-09-th.pdf
kbank,2026-05-09,fixed,6M,<10M,special_juristic_2,0.400,raw/kbank/2026-05-09-th.pdf
kbank,2026-05-09,fixed,6M,10M-<30M,individual,0.650,raw/kbank/2026-05-09-th.pdf
kbank,2026-05-09,fixed,6M,10M-<30M,juristic_1,0.350,raw/kbank/2026-05-09-th.pdf
kbank,2026-05-09,fixed,6M,10M-<30M,juristic_2,0.650,raw/kbank/2026-05-09-th.pdf
kbank,2026-05-09,fixed,6M,10M-<30M,hospital_school_gov,0.350,raw/kbank/2026-05-09-th.pdf
kbank,2026-05-09,fixed,6M,10M-<30M,financial_institution,0.350,raw/kbank/2026-05-09-th.pdf
kbank,2026-05-09,fixed,6M,10M-<30M,fund,0.350,raw/kbank/2026-05-09-th.pdf
kbank,2026-05-09,fixed,6M,10M-<30M,special_juristic_1,0.400,raw/kbank/2026-05-09-th.pdf
kbank,2026-05-09,fixed,6M,10M-<30M,special_juristic_2,0.400,raw/kbank/2026-05-09-th.pdf
kbank,2026-05-09,fixed,6M,30M-<50M,individual,0.650,raw/kbank/2026-05-09-th.pdf
kbank,2026-05-09,fixed,6M,30M-<50M,juristic_1,0.350,raw/kbank/2026-05-09-th.pdf
kbank,2026-05-09,fixed,6M,30M-<50M,juristic_2,0.650,raw/kbank/2026-05-09-th.pdf
kbank,2026-05-09,fixed,6M,30M-<50M,hospital_school_gov,0.350,raw/kbank/2026-05-09-th.pdf
kbank,2026-05-09,fixed,6M,30M-<50M,financial_institution,0.350,raw/kbank/2026-05-09-th.pdf
kbank,2026-05-09,fixed,6M,30M-<50M,fund,0.350,raw/kbank/2026-05-09-th.pdf
kbank,2026-05-09,fixed,6M,30M-<50M,special_juristic_1,0.400,raw/kbank/2026-05-09-th.pdf
kbank,2026-05-09,fixed,6M,30M-<50M,special_juristic_2,0.400,raw/kbank/2026-05-09-th.pdf
kbank,2026-05-09,fixed,6M,50M-<100M,individual,0.650,raw/kbank/2026-05-09-th.pdf
kbank,2026-05-09,fixed,6M,50M-<100M,juristic_1,0.350,raw/kbank/2026-05-09-th.pdf
kbank,2026-05-09,fixed,6M,50M-<100M,juristic_2,0.650,raw/kbank/2026-05-09-th.pdf
kbank,2026-05-09,fixed,6M,50M-<100M,hospital_school_gov,0.350,raw/kbank/2026-05-09-th.pdf
kbank,2026-05-09,fixed,6M,50M-<100M,financial_institution,0.350,raw/kbank/2026-05-09-th.pdf
kbank,2026-05-09,fixed,6M,50M-<100M,fund,0.350,raw/kbank/2026-05-09-th.pdf
kbank,2026-05-09,fixed,6M,50M-<100M,special_juristic_1,0.400,raw/kbank/2026-05-09-th.pdf
kbank,2026-05-09,fixed,6M,50M-<100M,special_juristic_2,0.400,raw/kbank/2026-05-09-th.pdf
kbank,2026-05-09,fixed,6M,>=100M,individual,0.650,raw/kbank/2026-05-09-th.pdf
kbank,2026-05-09,fixed,6M,>=100M,juristic_1,0.350,raw/kbank/2026-05-09-th.pdf
kbank,2026-05-09,fixed,6M,>=100M,juristic_2,0.650,raw/kbank/2026-05-09-th.pdf
kbank,2026-05-09,fixed,6M,>=100M,hospital_school_gov,0.350,raw/kbank/2026-05-09-th.pdf
kbank,2026-05-09,fixed,6M,>=100M,financial_institution,0.350,raw/kbank/2026-05-09-th.pdf
kbank,2026-05-09,fixed,6M,>=100M,fund,0.350,raw/kbank/2026-05-09-th.pdf
kbank,2026-05-09,fixed,6M,>=100M,special_juristic_1,0.400,raw/kbank/2026-05-09-th.pdf
kbank,2026-05-09,fixed,6M,>=100M,special_juristic_2,0.400,raw/kbank/2026-05-09-th.pdf
kbank,2026-05-09,fixed,12M,<10M,individual,0.750,raw/kbank/2026-05-09-th.pdf
kbank,2026-05-09,fixed,12M,<10M,juristic_1,0.400,raw/kbank/2026-05-09-th.pdf
kbank,2026-05-09,fixed,12M,<10M,juristic_2,0.750,raw/kbank/2026-05-09-th.pdf
kbank,2026-05-09,fixed,12M,<10M,hospital_school_gov,0.400,raw/kbank/2026-05-09-th.pdf
kbank,2026-05-09,fixed,12M,<10M,financial_institution,0.400,raw/kbank/2026-05-09-th.pdf
kbank,2026-05-09,fixed,12M,<10M,fund,0.400,raw/kbank/2026-05-09-th.pdf
kbank,2026-05-09,fixed,12M,<10M,special_juristic_1,0.450,raw/kbank/2026-05-09-th.pdf
kbank,2026-05-09,fixed,12M,<10M,special_juristic_2,0.450,raw/kbank/2026-05-09-th.pdf
kbank,2026-05-09,fixed,12M,10M-<30M,individual,0.750,raw/kbank/2026-05-09-th.pdf
kbank,2026-05-09,fixed,12M,10M-<30M,juristic_1,0.400,raw/kbank/2026-05-09-th.pdf
kbank,2026-05-09,fixed,12M,10M-<30M,juristic_2,0.750,raw/kbank/2026-05-09-th.pdf
kbank,2026-05-09,fixed,12M,10M-<30M,hospital_school_gov,0.400,raw/kbank/2026-05-09-th.pdf
kbank,2026-05-09,fixed,12M,10M-<30M,financial_institution,0.400,raw/kbank/2026-05-09-th.pdf
kbank,2026-05-09,fixed,12M,10M-<30M,fund,0.400,raw/kbank/2026-05-09-th.pdf
kbank,2026-05-09,fixed,12M,10M-<30M,special_juristic_1,0.450,raw/kbank/2026-05-09-th.pdf
kbank,2026-05-09,fixed,12M,10M-<30M,special_juristic_2,0.450,raw/kbank/2026-05-09-th.pdf
kbank,2026-05-09,fixed,12M,30M-<50M,individual,0.750,raw/kbank/2026-05-09-th.pdf
kbank,2026-05-09,fixed,12M,30M-<50M,juristic_1,0.400,raw/kbank/2026-05-09-th.pdf
kbank,2026-05-09,fixed,12M,30M-<50M,juristic_2,0.750,raw/kbank/2026-05-09-th.pdf
kbank,2026-05-09,fixed,12M,30M-<50M,hospital_school_gov,0.400,raw/kbank/2026-05-09-th.pdf
kbank,2026-05-09,fixed,12M,30M-<50M,financial_institution,0.400,raw/kbank/2026-05-09-th.pdf
kbank,2026-05-09,fixed,12M,30M-<50M,fund,0.400,raw/kbank/2026-05-09-th.pdf
kbank,2026-05-09,fixed,12M,30M-<50M,special_juristic_1,0.450,raw/kbank/2026-05-09-th.pdf
kbank,2026-05-09,fixed,12M,30M-<50M,special_juristic_2,0.450,raw/kbank/2026-05-09-th.pdf
kbank,2026-05-09,fixed,12M,50M-<500M,individual,0.750,raw/kbank/2026-05-09-th.pdf
kbank,2026-05-09,fixed,12M,50M-<500M,juristic_1,0.400,raw/kbank/2026-05-09-th.pdf
kbank,2026-05-09,fixed,12M,50M-<500M,juristic_2,0.750,raw/kbank/2026-05-09-th.pdf
kbank,2026-05-09,fixed,12M,50M-<500M,hospital_school_gov,0.400,raw/kbank/2026-05-09-th.pdf
kbank,2026-05-09,fixed,12M,50M-<500M,financial_institution,0.400,raw/kbank/2026-05-09-th.pdf
kbank,2026-05-09,fixed,12M,50M-<500M,fund,0.400,raw/kbank/2026-05-09-th.pdf
kbank,2026-05-09,fixed,12M,50M-<500M,special_juristic_1,0.450,raw/kbank/2026-05-09-th.pdf
kbank,2026-05-09,fixed,12M,50M-<500M,special_juristic_2,0.450,raw/kbank/2026-05-09-th.pdf
kbank,2026-05-09,fixed,12M,>=500M,individual,0.750,raw/kbank/2026-05-09-th.pdf
kbank,2026-05-09,fixed,12M,>=500M,juristic_1,0.400,raw/kbank/2026-05-09-th.pdf
kbank,2026-05-09,fixed,12M,>=500M,juristic_2,0.750,raw/kbank/2026-05-09-th.pdf
kbank,2026-05-09,fixed,12M,>=500M,hospital_school_gov,0.400,raw/kbank/2026-05-09-th.pdf
kbank,2026-05-09,fixed,12M,>=500M,financial_institution,0.400,raw/kbank/2026-05-09-th.pdf
kbank,2026-05-09,fixed,12M,>=500M,fund,0.400,raw/kbank/2026-05-09-th.pdf
kbank,2026-05-09,fixed,12M,>=500M,special_juristic_1,0.450,raw/kbank/2026-05-09-th.pdf
kbank,2026-05-09,fixed,12M,>=500M,special_juristic_2,0.450,raw/kbank/2026-05-09-th.pdf
kbank,2026-05-09,fixed,24M,<10M,individual,0.900,raw/kbank/2026-05-09-th.pdf
kbank,2026-05-09,fixed,24M,<10M,juristic_1,0.500,raw/kbank/2026-05-09-th.pdf
kbank,2026-05-09,fixed,24M,<10M,juristic_2,0.900,raw/kbank/2026-05-09-th.pdf
kbank,2026-05-09,fixed,24M,<10M,hospital_school_gov,0.500,raw/kbank/2026-05-09-th.pdf
kbank,2026-05-09,fixed,24M,<10M,financial_institution,0.500,raw/kbank/2026-05-09-th.pdf
kbank,2026-05-09,fixed,24M,<10M,fund,0.500,raw/kbank/2026-05-09-th.pdf
kbank,2026-05-09,fixed,24M,<10M,special_juristic_1,0.550,raw/kbank/2026-05-09-th.pdf
kbank,2026-05-09,fixed,24M,10M-<30M,individual,0.900,raw/kbank/2026-05-09-th.pdf
kbank,2026-05-09,fixed,24M,10M-<30M,juristic_1,0.500,raw/kbank/2026-05-09-th.pdf
kbank,2026-05-09,fixed,24M,10M-<30M,juristic_2,0.900,raw/kbank/2026-05-09-th.pdf
kbank,2026-05-09,fixed,24M,10M-<30M,hospital_school_gov,0.500,raw/kbank/2026-05-09-th.pdf
kbank,2026-05-09,fixed,24M,10M-<30M,financial_institution,0.500,raw/kbank/2026-05-09-th.pdf
kbank,2026-05-09,fixed,24M,10M-<30M,fund,0.500,raw/kbank/2026-05-09-th.pdf
kbank,2026-05-09,fixed,24M,10M-<30M,special_juristic_1,0.550,raw/kbank/2026-05-09-th.pdf
kbank,2026-05-09,fixed,24M,30M-<50M,individual,0.900,raw/kbank/2026-05-09-th.pdf
kbank,2026-05-09,fixed,24M,30M-<50M,juristic_1,0.500,raw/kbank/2026-05-09-th.pdf
kbank,2026-05-09,fixed,24M,30M-<50M,juristic_2,0.900,raw/kbank/2026-05-09-th.pdf
kbank,2026-05-09,fixed,24M,30M-<50M,hospital_school_gov,0.500,raw/kbank/2026-05-09-th.pdf
kbank,2026-05-09,fixed,24M,30M-<50M,financial_institution,0.500,raw/kbank/2026-05-09-th.pdf
kbank,2026-05-09,fixed,24M,30M-<50M,fund,0.500,raw/kbank/2026-05-09-th.pdf
kbank,2026-05-09,fixed,24M,30M-<50M,special_juristic_1,0.550,raw/kbank/2026-05-09-th.pdf
kbank,2026-05-09,fixed,24M,50M-<1000M,individual,0.900,raw/kbank/2026-05-09-th.pdf
kbank,2026-05-09,fixed,24M,50M-<1000M,juristic_1,0.500,raw/kbank/2026-05-09-th.pdf
kbank,2026-05-09,fixed,24M,50M-<1000M,juristic_2,0.900,raw/kbank/2026-05-09-th.pdf
kbank,2026-05-09,fixed,24M,50M-<1000M,hospital_school_gov,0.500,raw/kbank/2026-05-09-th.pdf
kbank,2026-05-09,fixed,24M,50M-<1000M,financial_institution,0.500,raw/kbank/2026-05-09-th.pdf
kbank,2026-05-09,fixed,24M,50M-<1000M,fund,0.500,raw/kbank/2026-05-09-th.pdf
kbank,2026-05-09,fixed,24M,50M-<1000M,special_juristic_1,0.550,raw/kbank/2026-05-09-th.pdf
kbank,2026-05-09,fixed,24M,>=1000M,individual,0.900,raw/kbank/2026-05-09-th.pdf
kbank,2026-05-09,fixed,24M,>=1000M,juristic_1,0.500,raw/kbank/2026-05-09-th.pdf
kbank,2026-05-09,fixed,24M,>=1000M,juristic_2,0.900,raw/kbank/2026-05-09-th.pdf
kbank,2026-05-09,fixed,24M,>=1000M,hospital_school_gov,0.500,raw/kbank/2026-05-09-th.pdf
kbank,2026-05-09,fixed,24M,>=1000M,financial_institution,0.500,raw/kbank/2026-05-09-th.pdf
kbank,2026-05-09,fixed,24M,>=1000M,fund,0.500,raw/kbank/2026-05-09-th.pdf
kbank,2026-05-09,fixed,24M,>=1000M,special_juristic_1,0.550,raw/kbank/2026-05-09-th.pdf
kbank,2026-05-09,fixed,36M,<10M,individual,0.900,raw/kbank/2026-05-09-th.pdf
kbank,2026-05-09,fixed,36M,<10M,juristic_1,0.500,raw/kbank/2026-05-09-th.pdf
kbank,2026-05-09,fixed,36M,<10M,juristic_2,0.900,raw/kbank/2026-05-09-th.pdf
kbank,2026-05-09,fixed,36M,<10M,hospital_school_gov,0.500,raw/kbank/2026-05-09-th.pdf
kbank,2026-05-09,fixed,36M,<10M,financial_institution,0.500,raw/kbank/2026-05-09-th.pdf
kbank,2026-05-09,fixed,36M,<10M,fund,0.500,raw/kbank/2026-05-09-th.pdf
kbank,2026-05-09,fixed,36M,<10M,special_juristic_1,0.550,raw/kbank/2026-05-09-th.pdf
kbank,2026-05-09,fixed,36M,10M-<30M,individual,0.900,raw/kbank/2026-05-09-th.pdf
kbank,2026-05-09,fixed,36M,10M-<30M,juristic_1,0.500,raw/kbank/2026-05-09-th.pdf
kbank,2026-05-09,fixed,36M,10M-<30M,juristic_2,0.900,raw/kbank/2026-05-09-th.pdf
kbank,2026-05-09,fixed,36M,10M-<30M,hospital_school_gov,0.500,raw/kbank/2026-05-09-th.pdf
kbank,2026-05-09,fixed,36M,10M-<30M,financial_institution,0.500,raw/kbank/2026-05-09-th.pdf
kbank,2026-05-09,fixed,36M,10M-<30M,fund,0.500,raw/kbank/2026-05-09-th.pdf
kbank,2026-05-09,fixed,36M,10M-<30M,special_juristic_1,0.550,raw/kbank/2026-05-09-th.pdf
kbank,2026-05-09,fixed,36M,30M-<50M,individual,0.900,raw/kbank/2026-05-09-th.pdf
kbank,2026-05-09,fixed,36M,30M-<50M,juristic_1,0.500,raw/kbank/2026-05-09-th.pdf
kbank,2026-05-09,fixed,36M,30M-<50M,juristic_2,0.900,raw/kbank/2026-05-09-th.pdf
kbank,2026-05-09,fixed,36M,30M-<50M,hospital_school_gov,0.500,raw/kbank/2026-05-09-th.pdf
kbank,2026-05-09,fixed,36M,30M-<50M,financial_institution,0.500,raw/kbank/2026-05-09-th.pdf
kbank,2026-05-09,fixed,36M,30M-<50M,fund,0.500,raw/kbank/2026-05-09-th.pdf
kbank,2026-05-09,fixed,36M,30M-<50M,special_juristic_1,0.550,raw/kbank/2026-05-09-th.pdf
kbank,2026-05-09,fixed,36M,50M-<1000M,individual,0.900,raw/kbank/2026-05-09-th.pdf
kbank,2026-05-09,fixed,36M,50M-<1000M,juristic_1,0.500,raw/kbank/2026-05-09-th.pdf
kbank,2026-05-09,fixed,36M,50M-<1000M,juristic_2,0.900,raw/kbank/2026-05-09-th.pdf
kbank,2026-05-09,fixed,36M,50M-<1000M,hospital_school_gov,0.500,raw/kbank/2026-05-09-th.pdf
kbank,2026-05-09,fixed,36M,50M-<1000M,financial_institution,0.500,raw/kbank/2026-05-09-th.pdf
kbank,2026-05-09,fixed,36M,50M-<1000M,fund,0.500,raw/kbank/2026-05-09-th.pdf
kbank,2026-05-09,fixed,36M,50M-<1000M,special_juristic_1,0.550,raw/kbank/2026-05-09-th.pdf
kbank,2026-05-09,fixed,36M,>=1000M,individual,0.900,raw/kbank/2026-05-09-th.pdf
kbank,2026-05-09,fixed,36M,>=1000M,juristic_1,0.500,raw/kbank/2026-05-09-th.pdf
kbank,2026-05-09,fixed,36M,>=1000M,juristic_2,0.900,raw/kbank/2026-05-09-th.pdf
kbank,2026-05-09,fixed,36M,>=1000M,hospital_school_gov,0.500,raw/kbank/2026-05-09-th.pdf
kbank,2026-05-09,fixed,36M,>=1000M,financial_institution,0.500,raw/kbank/2026-05-09-th.pdf
kbank,2026-05-09,fixed,36M,>=1000M,fund,0.500,raw/kbank/2026-05-09-th.pdf
kbank,2026-05-09,fixed,36M,>=1000M,special_juristic_1,0.550,raw/kbank/2026-05-09-th.pdf
kbank,2026-05-09,family-flex,,0.009M-1M,individual,0.700,raw/kbank/2026-05-09-th.pdf
kbank,2026-05-09,super-senior,,0.1M-3M,individual,0.900,raw/kbank/2026-05-09-th.pdf
kbank,2026-05-09,taweesap,24M,500-25000 THB/month,individual,1.600,raw/kbank/2026-05-09-th.pdf
